{"people":[{"firstname":"Havana","lastname":"Alayon","id":10963,"school":"DeLaSalle","discord":"","deadnames":[]},{"firstname":"Zachary","lastname":"Anderson","id":10812,"school":"Eastview","discord":"","deadnames":[]},{"firstname":"Ve","lastname":"Anderson","id":10960,"school":"Irondale","discord":"","deadnames":["Violet"]},{"firstname":"Mirabelle","lastname":"Anderson","id":11150,"school":"Mounds View","discord":"Mbelle#9299","deadnames":[]},{"firstname":"Ella","lastname":"Bedell","id":10965,"school":"Spring Lake Park","discord":"ellakaigs#1349","deadnames":[]},{"firstname":"Ingrid","lastname":"Birkeland","id":10819,"school":"Highland Park Senior","discord":"","deadnames":[]},{"firstname":"Amelia","lastname":"Borchert","id":10911,"school":"FAIR School for Arts","discord":"Starofender#3353","deadnames":[]},{"firstname":"Annelise","lastname":"Carlson","id":10821,"school":"Mounds Park Academy","discord":"HxnniBunny#5169","deadnames":[]},{"firstname":"Elijah","lastname":"Carlson-Lee","id":10820,"school":"St. Anthony Village","discord":"","deadnames":[]},{"firstname":"Basil","lastname":"Casper","id":10822,"school":"Mounds View","discord":"","deadnames":[]},{"firstname":"Anthony","lastname":"Castillo","id":10823,"school":"St. Anthony Village","discord":"Soft#4910","deadnames":[]},{"firstname":"Nova","lastname":"Chau","id":10824,"school":"DeLaSalle","discord":"StaticNova\uD83E\uDED9#0741","deadnames":["Maya"]},{"firstname":"Oliver","lastname":"Chea-Brinkley","id":10825,"school":"Northfield","discord":"NOT Ollie#2106","deadnames":[]},{"firstname":"Thomas","lastname":"Chen","id":10826,"school":"St. Paul Academy","discord":"Thomas#1152","deadnames":[]},{"firstname":"Evan","lastname":"Chu","id":10882,"school":"Mounds View","discord":"GARDEVI0R#2467","deadnames":[]},{"firstname":"Sylvie","lastname":"Clark","id":10918,"school":"Thomas Edison","discord":"sylshveep#9869","deadnames":[]},{"firstname":"Fletcher","lastname":"Coblentz","id":10815,"school":"St. Paul Academy","discord":"mista_p\u2E38nky#6759","deadnames":[]},{"firstname":"Liam","lastname":"Cosgrove","id":10781,"school":"DeLaSalle","discord":"ironboyrocks#4338","deadnames":[]},{"firstname":"Graydon","lastname":"Daniel","id":10827,"school":"Highland Park Senior","discord":"","deadnames":[]},{"firstname":"Keya","lastname":"DeWalt","id":11149,"school":"Irondale","discord":"","deadnames":[]},{"firstname":"Tion","lastname":"Dingwall-Chantiloupe","id":10810,"school":"Champlin","discord":"Random Boi#9931","deadnames":[]},{"firstname":"John","lastname":"Douglas","id":10919,"school":"Highland Park Senior","discord":"DucK#5389","deadnames":["Jack"]},{"firstname":"Cooper","lastname":"Drake","id":10912,"school":"Edina","discord":"","deadnames":[]},{"firstname":"Anna","lastname":"Ellingson","id":10829,"school":"Irondale","discord":"hisokaaaaa\uD83D\uDC40#6568","deadnames":[]},{"firstname":"Erik","lastname":"Fineberg","id":10830,"school":"Mounds View","discord":"","deadnames":[]},{"firstname":"Anika","lastname":"Fokken","id":10926,"school":"Highland Park Senior","discord":"siyeonsimpp#1523","deadnames":[]},{"firstname":"Katie","lastname":"Frost","id":10779,"school":"Exploration","discord":"","deadnames":[]},{"firstname":"Leah","lastname":"Gfrerer","id":10833,"school":"Concordia Academy","discord":"Leah#2152","deadnames":[]},{"firstname":"Adam","lastname":"Greenseid","id":10834,"school":"Highland Park Senior","discord":"ArsenalFanboy#6403","deadnames":[]},{"firstname":"Leyton","lastname":"Griffith","id":10835,"school":"DeLaSalle","discord":"Leyton#5081","deadnames":[]},{"firstname":"Charlotte","lastname":"Grubish","id":10836,"school":"Math and Science Academy","discord":"","deadnames":[]},{"firstname":"Adam","lastname":"Hall","id":10837,"school":"Mounds View","discord":"","deadnames":[]},{"firstname":"Yoomee","lastname":"Harmsen","id":10838,"school":"DeLaSalle","discord":"_eemooy_#8416","deadnames":[]},{"firstname":"Kaliel","lastname":"Hefferan","id":10913,"school":"Highland Park Senior","discord":"","deadnames":[]},{"firstname":"Raina","lastname":"Heidkamp","id":10840,"school":"St. Paul Academy","discord":"","deadnames":[]},{"firstname":"Jalen","lastname":"Her","id":10914,"school":"Roseville Area","discord":"E\u0335\u034B\u0304L\u0335\u0344\u0319M\u0338\u031B\u030BT\u0334\u0311\u0304\u00D8\u0334\u033D\u0315#2391","deadnames":[]},{"firstname":"Pierce","lastname":"Holzheimer","id":10962,"school":"Highland Park Senior","discord":"HollowChip#3898","deadnames":[]},{"firstname":"William","lastname":"Irish","id":10841,"school":"Nova Classical","discord":"Sherlock holmes#3016","deadnames":[]},{"firstname":"Nica","lastname":"Johnson","id":10816,"school":"Highland Park Senior","discord":"","deadnames":[]},{"firstname":"Joshua","lastname":"Johnson","id":11358,"school":"Mounds View","discord":"","deadnames":[]},{"firstname":"Elijah","lastname":"Kirris","id":10844,"school":"Mounds View","discord":"EZK2021#6148","deadnames":[]},{"firstname":"Matilda","lastname":"Koprowski","id":11152,"school":"Shanghai American School","discord":"","deadnames":[]},{"firstname":"Mira","lastname":"Kucera","id":10845,"school":"Totina-Grace","discord":"disHYIEam#0632","deadnames":[]},{"firstname":"Caleb","lastname":"Kukuroboman","id":10811,"school":"Coon Rapids","discord":"calebbb#3621","deadnames":[]},{"firstname":"JJ","lastname":"Larson","id":10813,"school":"Fridley","discord":"","deadnames":["Melinda"]},{"firstname":"Magnus","lastname":"Larsson","id":10846,"school":"DeLaSalle","discord":"SupaMaggie70#3231","deadnames":[]},{"firstname":"Richard","lastname":"Law","id":10847,"school":"Mounds View","discord":"bep#4859","deadnames":[]},{"firstname":"Rachel","lastname":"Lee","id":10848,"school":"Roseville Area","discord":"RHL#5777","deadnames":[]},{"firstname":"Jonas","lastname":"Leoni-Zaske","id":10849,"school":"Thomas Edison","discord":"\u3053\u3093\u306B\u3061\u306F\u30DC\u30BE#4504","deadnames":[]},{"firstname":"Lilly","lastname":"Liao","id":11486,"school":"Mounds Park Academy","discord":"Lil\uD83E\uDDCB#3519","deadnames":[]},{"firstname":"Oscar","lastname":"Loja Monnens","id":10850,"school":"Thomas Edison","discord":"Orsca_scar20#2970","deadnames":[]},{"firstname":"Ada","lastname":"Mair","id":10851,"school":"White Bear Lake","discord":"","deadnames":[]},{"firstname":"Ravel","lastname":"Martin","id":10855,"school":"Highland Park Senior","discord":"","deadnames":[]},{"firstname":"Edie","lastname":"Mathison","id":10856,"school":"Mounds View","discord":"","deadnames":[]},{"firstname":"Charles","lastname":"Maves","id":10852,"school":"Mounds View","discord":"chonf_#0546","deadnames":[]},{"firstname":"Roya","lastname":"Mazhari","id":10854,"school":"Lakes International Language Academy","discord":"Roya#3820","deadnames":[]},{"firstname":"Jia","lastname":"Mazhari","id":10853,"school":"Concordia Academy","discord":"Jia#7015","deadnames":[]},{"firstname":"Vivian","lastname":"McDonald","id":10769,"school":"Highland Park Senior","discord":"Praise Nagito#5492","deadnames":[]},{"firstname":"Teagan","lastname":"Mechtenberg","id":10857,"school":"Edina","discord":"username#5998","deadnames":[]},{"firstname":"Caden","lastname":"Nash","id":10764,"school":"Mounds View","discord":"ImightbeCaden#7245","deadnames":[]},{"firstname":"Rohan","lastname":"Nash","id":10763,"school":"Mounds View","discord":"C\u0338\u0308\u0342y\u0335\u0301\u0306b\u0337\u031A\u034Be\u0336\u0302\u0357r\u0337\u033E\u031B#3207","deadnames":[]},{"firstname":"Kaelyn","lastname":"Ng","id":10859,"school":"Math and Science Academy","discord":"","deadnames":[]},{"firstname":"Christopher","lastname":"Pham","id":10863,"school":"St. Anthony Village","discord":"chriss#2970","deadnames":[]},{"firstname":"Theodore","lastname":"Phillips","id":10910,"school":"FAIR School for Arts","discord":"teaspoon#4056","deadnames":["Anika"]},{"firstname":"Azrael","lastname":"Riodique","id":11147,"school":"DeLaSalle","discord":"","deadnames":["Berlin"]},{"firstname":"Bryce","lastname":"Roffe","id":10917,"school":"Highland Park Senior","discord":"B-Rice25#9706","deadnames":[]},{"firstname":"Abram","lastname":"Saeger","id":10864,"school":"Highland Park Senior","discord":"WWW.google.com#8633","deadnames":["Idiot discord name"]},{"firstname":"Asher","lastname":"Schmidt","id":10778,"school":"White Bear Lake","discord":"","deadnames":[]},{"firstname":"Amelia","lastname":"Schulz","id":10915,"school":"Hopkins West Junior","discord":"","deadnames":[]},{"firstname":"Addica","lastname":"Sharbono","id":10865,"school":"FAIR School for Arts","discord":"","deadnames":[]},{"firstname":"Haven","lastname":"Sherrell","id":11010,"school":"Washburn","discord":"edited username#6513","deadnames":[]},{"firstname":"Niko","lastname":"Simmons","id":10774,"school":"Southwest","discord":"UnknownFoxy#0624","deadnames":[]},{"firstname":"Izora","lastname":"Smith","id":10866,"school":"FAIR School for Arts","discord":"","deadnames":[]},{"firstname":"Abigail","lastname":"Sojos","id":10869,"school":"St. Anthony Village","discord":"abby#2510","deadnames":[]},{"firstname":"Eva","lastname":"Sperrazza","id":10867,"school":"DeLaSalle","discord":"evalovespixardads#2341","deadnames":[]},{"firstname":"Matthias","lastname":"Stiehl","id":10868,"school":"Roseville Area","discord":"my thigh sus#9949","deadnames":[]},{"firstname":"Carrie","lastname":"Surla","id":10870,"school":"DeLaSalle","discord":"garyberry#1320","deadnames":[]},{"firstname":"Lennox","lastname":"Tan","id":11793,"school":"Mounds View","discord":"bluedragonfly4#0262","deadnames":[]},{"firstname":"Zachary","lastname":"Tan","id":10777,"school":"Mounds View","discord":"\u026E\u0585\u028A\u0584#4626","deadnames":[]},{"firstname":"Soren","lastname":"Thieszen","id":10873,"school":"Edina","discord":"cranky#2372","deadnames":[]},{"firstname":"Mingmay","lastname":"Thomsen","id":10814,"school":"Mounds View","discord":"","deadnames":[]},{"firstname":"Haakon","lastname":"Tsang","id":10874,"school":"Washburn","discord":"Tsapper#9768","deadnames":[]},{"firstname":"Caitlin","lastname":"Uy","id":10766,"school":"Mounds View","discord":"caitlin_uy#9146","deadnames":[]},{"firstname":"Bren","lastname":"Warner","id":10876,"school":"Breck School","discord":"DADDYHOG#1058","deadnames":[]},{"firstname":"Kendall","lastname":"Wendt","id":10875,"school":"Highland Park Senior","discord":"reaper666#1100","deadnames":[]},{"firstname":"Kiri","lastname":"Werner","id":10877,"school":"Highland Park Senior","discord":"","deadnames":[]},{"firstname":"Zimo","lastname":"Xie","id":10775,"school":"St. Paul Academy","discord":"zimiix#4903","deadnames":[]},{"firstname":"Ken","lastname":"Yang","id":11679,"school":"Highland Park Senior","discord":"Hard#2590","deadnames":[]}]}